"content","location","url","direction","image"
"select All Programs ▸ Python 3.3, and then select IDLE (Python GUI). On OS X, select Applications ▸ MacPython 3.3 ▸ IDLE. On Ubuntu, open a new Terminal window and enter idle3.","chapter1-1","http://automatetheboringstuff.com/chapter1/","ltr",".\Resources\image.png"
"String Concatenation and Replication\r\n>>> 'Alice' + 'Bob'\r\n'AliceBob'\r\n\r\n>>> 'Alice' + 42\r\nTraceback (most recent call last):\r\n  File ""<pyshell#26>"", line 1, in <module>\r\n    'Alice' + 42\r\nTypeError: Can't convert 'int' object to str implicitly\r\n\r\n>>> 'Alice' * 5\r\n'AliceAliceAliceAliceAlice'","chapter1-2","http://automatetheboringstuff.com/chapter1/","ltr",".\Resources\image.png"
"Your First Program\r\n❶ # This program says hello and asks for my name.\r\n\r\n❷ print('Hello world!')\r\n   print('What is your name?')    # ask for their name\r\n③ myName = input()\r\n④ print('It is good to meet you, ' + myName)\r\n⑤ print('The length of your name is:')\r\n   print(len(myName))\r\n⑥ print('What is your age?')    # ask for their age\r\n   myAge = input()\r\n   print('You will be ' + str(int(myAge) + 1) + ' in a year.')","chapter1-3","http://automatetheboringstuff.com/chapter1/","ltr",".\Resources\image.png"
"Comments\r\n❶ # This program says hello and asks for my name.","chapter1-4","http://automatetheboringstuff.com/chapter1/","ltr",".\Resources\image.png"
"The print() Function\r\nThe print() function displays the string value inside the parentheses on the screen.\r\n❷ print('Hello world!')\r\n   print('What is your name?') # ask for their name","chapter1-5","http://automatetheboringstuff.com/chapter1/","ltr",".\Resources\image.png"
"The input() Function\r\nThe input() function waits for the user to type some text on the keyboard and press ENTER.\r\n③ myName = input()","chapter1-6","http://automatetheboringstuff.com/chapter1/","ltr",".\Resources\image.png"
"The len() Function\r\nYou can pass the len() function a string value (or a variable containing a string), and the function evaluates to the integer value of the number of characters in that string.\r\n⑤ print('The length of your name is:')\r\n   print(len(myName))","chapter1-7","http://automatetheboringstuff.com/chapter1/","ltr",".\Resources\image.png"